1.937345206,1,1,1,-0.019810784,0.001924157,-0.03102614,-0.025134902
0.714644716,1,1,1,-0.033390235,-0.005966133,-0.035770753,0.035797349
1.663311432,1,1,1,0.023832739,0.002051268,0.013027331,-0.034866667
0.92976467,1,1,1,-0.033700876,0.009568816,0.006529685,0.007904811
0.803060422,1,1,1,-0.013038627,0.026989445,-0.035352642,0.000758586
1.028205802,1,1,1,-0.020102095,-0.027833638,-0.037992053,-0.033876314
1.054794562,1,1,1,-0.016904594,-0.004880364,0.001309698,-0.012681733
0.514659453,1,1,1,0.006523434,-0.034108031,0.010024674,-0.010358706
1.643665193,1,1,1,-0.036220004,0.01598025,0.029216449,-0.032589586
1.851648385,1,1,1,0.031257921,-0.033375321,0.031384558,0.032320479
0.740499128,1,1,1,0.008597547,-0.008648606,0.007977454,-0.038149435
1.887281225,1,1,1,-0.00460444,-0.001787324,0.004330114,0.021878206
1.412791482,1,1,1,0.034707871,-0.026497059,0.01115169,-0.039568752
0.53351307,1,1,1,-0.006233916,-0.032497185,-0.003110095,0.001552428
1.968972094,1,1,1,-0.002062755,0.034262044,-0.019996162,0.017190828
0.689677832,1,1,1,-0.020510811,0.011938445,-0.023806089,-0.024812888
1.974965007,1,1,1,-0.000156374,0.032134277,0.031006288,-0.00793827
1.305167298,1,1,1,0.029468785,0.030452825,0.015912662,-0.017093479
0.560178864,1,1,1,-0.030092226,-0.027278652,0.018907679,-0.027469584
0.592407585,1,1,1,-0.015571372,0.02718436,-0.03401802,-0.019640856
1.603128749,1,1,1,-0.032300611,0.025529275,0.012349643,-0.022579122
0.967762466,1,1,1,0.038434986,-0.0228769,0.014521027,0.000638252
1.140720725,1,1,1,-0.031596203,-0.039880316,-0.036563617,-0.006007134
0.947470745,1,1,1,0.027531798,-0.035967902,-0.020963165,-0.000421917
1.355239987,1,1,1,0.034423323,0.034153175,-0.01822008,-0.004353952
1.876089697,1,1,1,0.008069317,-0.011338891,-0.02046832,-0.028739294
1.333142052,1,1,1,0.021005443,0.028303641,0.0045695,-0.001267594
0.864541787,1,1,1,-0.020886029,-0.004427157,0.000517585,-0.020382575
1.615457658,1,1,1,-0.007122146,-0.020721401,0.019705552,0.023175667
1.563426646,1,1,1,-0.028826831,-0.001595954,0.01544039,0.016908968
0.696017825,1,1,1,0.033334767,0.009088424,0.021055143,0.01924085
1.678093856,1,1,1,-0.000588111,0.035910013,0.026355354,-0.001166659
1.25571596,1,1,1,0.026998487,0.001448588,-0.037915716,-0.026120334
1.284788171,1,1,1,0.027767493,0.001710939,-0.039984069,0.02767644
0.672860099,1,1,1,0.037897302,0.008713058,0.008926316,-0.037221933
1.289164125,1,1,1,-0.03986449,0.015441754,-0.029913029,0.010821786
1.996523221,1,1,1,-0.008556429,-0.03306408,0.034968324,-0.016147548
1.437877916,1,1,1,-0.032524344,-0.026057907,-0.02373497,-0.009923088
1.928080167,1,1,1,-0.000453691,-0.002518467,-0.036310581,-0.014295591
1.920848678,1,1,1,-0.031208864,-0.016523519,-0.03633289,-0.021752322
1.049086515,1,1,1,-0.020326887,0.024447122,-0.002140582,0.010640842
0.887417881,1,1,1,-0.02931094,0.004784511,-0.014318038,0.039611412
1.791608946,1,1,1,-0.000993356,0.018052267,-0.007448382,0.013486272
0.714082961,1,1,1,0.028063534,0.005102448,0.005517648,0.030440413
0.760660511,1,1,1,0.025759543,0.015740443,0.0396901,-0.024003095
1.857285987,1,1,1,-0.002868817,-0.025661376,-0.000848314,0.004814532
1.669917656,1,1,1,0.035459501,0.026447316,-0.015306533,0.010570474
1.514738186,1,1,1,0.035393611,-0.012832232,0.020567851,0.024002887
1.50515439,1,1,1,0.030505948,0.013874757,0.00047183,-0.017974272
1.916624547,1,1,1,0.019233985,-0.037469249,0.033186084,-0.016799315
1.800221296,1,1,1,-0.03543705,0.032018832,-0.001994156,-0.018207418
1.769535326,1,1,1,0.034017768,0.029771096,0.026160942,0.010121377
1.909445022,1,1,1,-0.036023544,-0.034504705,-0.028797694,-0.016553515
1.565585489,1,1,1,0.037957106,0.034578049,-0.026947939,-0.00492911
0.650911856,1,1,1,-0.035690668,-0.014508956,0.017019966,0.009316892
0.58103391,1,1,1,-0.014786665,-0.019903595,0.037142211,-0.006432374
1.221837221,1,1,1,-0.008734544,-0.038533577,0.029606984,-0.021153153
1.74014157,1,1,1,0.039190545,-0.032854845,-0.021757224,-0.014591945
1.397178253,1,1,1,-0.037397651,0.02407188,0.006963888,-0.024766899
0.917371872,1,1,1,-0.005241034,0.031392489,-0.033617847,-0.013339519
1.730942486,1,1,1,-0.020768329,0.016738645,-0.028646282,-0.03377564
0.745000317,1,1,1,-0.033907041,0.022247089,-0.034665871,0.011503311
1.038981493,1,1,1,-0.002913566,0.01215939,-0.023664622,0.036809478
0.558627401,1,1,1,-0.026435656,-0.035698525,-0.031257594,0.009195055
1.263629634,1,1,1,0.025214209,-0.013009143,-0.032135589,0.027883613
1.421036403,1,1,1,-0.010838233,-0.031865264,0.012172341,-0.019267962
1.626687306,1,1,1,-0.028101002,-0.03147783,0.029938463,-0.018727886
1.623090938,1,1,1,0.033895275,-0.021041129,0.014971903,-0.015404936
0.632961672,1,1,1,-0.021047399,-0.020622232,0.013799381,-0.024515832
1.118417426,1,1,1,0.011677719,-0.015881893,0.017110611,0.006831787
1.865743963,1,1,1,-0.016315666,0.012546593,0.013283833,-0.037049929
0.987006442,1,1,1,0.020144994,0.016420519,-0.039563826,0.035919911
1.408021892,1,1,1,0.035748513,-0.014397045,0.010112236,0.019110739
1.423119886,1,1,1,-0.038457049,-0.021573294,-0.005039769,0.014571015
0.620186908,1,1,1,-0.010346948,0.031896299,0.022425376,-0.027403458
1.807581548,1,1,1,-0.023760241,0.013538868,-0.009023437,-0.017551603
1.132070574,1,1,1,-0.025866648,0.038347209,0.028771569,0.026378411
1.33513856,1,1,1,0.001551794,-0.03374515,0.038166396,-0.020266505
0.783545644,1,1,1,0.008947127,0.030816966,0.035941272,-0.000205315
0.84159285,1,1,1,0.013681442,0.025634918,0.01053988,-0.005010705
1.982192576,1,1,1,-0.037323402,-0.000677604,-0.03847943,-0.027814178
1.153866614,1,1,1,-0.038869653,-0.027869942,0.025808602,0.033581875
1.127616569,1,1,1,-0.03427225,-0.030511568,-0.024597045,0.004205225
1.681995033,1,1,1,-0.014874954,0.019028155,0.00075586,-0.034159234
0.827564896,1,1,1,-0.026220355,-0.019492684,-0.005635219,0.026912383
1.109381144,1,1,1,-0.034510246,-0.018530522,-0.015459571,-0.006785758
1.027527303,1,1,1,-0.015236684,-0.022536736,-0.025264913,-0.034899333
1.956512054,1,1,1,-0.019222552,-0.007389479,-0.021268626,0.011954305
1.327055659,1,1,1,-0.026025707,-0.039691056,0.006726485,0.021645742
0.757618497,1,1,1,-0.025368278,0.017605122,0.008315364,-0.027634493
1.697478422,1,1,1,-0.014711194,0.005817992,0.009657479,-0.005530631
1.281150165,1,1,1,0.023439822,-0.021354528,-0.039013253,-0.016700574
1.752766356,1,1,1,0.014137357,0.003618623,-0.026026233,0.024138536
1.698965712,1,1,1,0.018067476,-0.03330602,-0.009922728,-0.010439406
1.071562957,1,1,1,-0.009871953,0.021519128,-0.003420532,-0.024327306
1.590315907,1,1,1,0.002166407,-0.019355063,0.014866428,0.018873886
1.804068913,1,1,1,0.010075822,-0.006873539,-0.021557687,-0.026900441
1.794788504,1,1,1,0.018590308,-0.024055511,-0.027560238,-0.039683843
1.58631794,1,1,1,0.03852519,0.019349748,0.009968504,-4.10E-05
0.811034643,1,1,1,0.034946781,-0.028065733,-0.019828105,0.033174323
1.546566883,1,1,1,0.011400719,0.018909042,-0.006921515,-0.007170379
1.284295154,1,1,1,0.018698228,-0.00257065,0.031159748,-0.024638951
0.854494636,1,1,1,-0.019588035,-0.020857766,0.036212657,-0.006656235
1.043748844,1,1,1,-0.015708368,0.015892341,0.038107243,0.010468729
0.520955261,1,1,1,-0.011470166,-0.014961485,-0.032323755,0.012231455
1.895437014,1,1,1,-0.039574758,0.000207259,-0.017884816,-0.038532216
1.68354522,1,1,1,-0.019851655,-0.035147075,-0.036489766,-0.004093849
1.463070145,1,1,1,-0.030855487,0.012668714,0.015416444,-0.028282146
1.471178702,1,1,1,0.016694236,-0.028510048,-0.025082328,-0.034327205
0.880707862,1,1,1,0.030650719,0.024214683,-0.00326531,0.022264028
0.504242761,1,1,1,0.026592978,-0.023359311,-0.001747623,0.016365734
1.732108799,1,1,1,0.007864599,0.026506061,0.008736692,-0.00353829
1.530415647,1,1,1,0.019610457,-0.000623792,0.026857148,-0.014761208
0.781671899,1,1,1,-0.004912097,-0.030196583,-0.035199424,0.020657874
0.732620725,1,1,1,-0.037068218,0.019190837,0.0395281,-0.02922644
1.041315302,1,1,1,-0.02291184,0.017974978,0.00192791,-0.029708283
0.631109511,1,1,1,-0.022676965,-0.009735116,0.024998981,-0.036152896
0.836794625,1,1,1,0.023247188,0.010855545,0.021248708,0.039467132
0.643854281,1,1,1,-0.025770087,-0.025053169,0.028144988,-0.030680072
0.963209346,1,1,1,-0.004996229,0.001556934,-0.00766163,-0.036922248
0.839624179,1,1,1,-0.011042907,-0.033192841,-0.030546448,0.037650566
1.951889447,1,1,1,0.036546789,-0.034329204,-0.021838124,-0.034686554
1.163467672,1,1,1,-0.027532039,-0.028311703,0.038676322,0.018932324
1.331989744,1,1,1,-0.032334669,-0.032346991,0.000302896,-0.005848292
1.772919602,1,1,1,0.005572287,0.025794569,-0.022276619,0.015565561
1.644986209,1,1,1,-0.007716126,0.008897359,-0.00700878,-0.009353427
1.10401693,1,1,1,0.00832537,0.010035753,-0.028213045,0.010382416
1.889922526,1,1,1,-0.036476893,-0.039653393,0.001041728,0.012055106
0.831914162,1,1,1,0.035193943,0.036595226,-0.037684919,-0.032321779
1.261591747,1,1,1,0.016952232,-0.024268111,-0.033209399,0.016316553
1.507019351,1,1,1,-0.030515816,0.012786898,0.025300239,0.02222488
1.717956942,1,1,1,0.017812098,-0.025183585,0.023904234,-0.012173005
0.724296415,1,1,1,0.000587166,-0.0016345,0.028057547,0.023910083
0.729699359,1,1,1,0.006360055,0.019446455,-0.01111803,-0.02730852
1.033096695,1,1,1,-0.012282019,-0.000919338,-0.009685186,0.017280396
0.698126216,1,1,1,-0.011184783,0.01818307,0.025411659,0.02470558
1.416230496,1,1,1,-0.002620315,0.029088128,0.024485785,0.017726786
0.996895952,1,1,1,-0.016433309,-0.039967371,-0.027015124,-0.014397232
0.703693611,1,1,1,0.003943407,-0.01114077,0.015194554,-0.027041771
0.55080599,1,1,1,0.039454606,-0.020440327,0.020928648,-0.036355713
0.662350987,1,1,1,0.021439584,0.009809238,0.031942308,0.017375027
1.91144339,1,1,1,-0.021024117,-0.002346949,0.034258406,-0.003418768
0.563292051,1,1,1,-0.003198178,0.025041488,0.011688855,-0.02285544
0.775166504,1,1,1,0.027066206,-0.016600561,-0.039305622,0.015000963
1.613443712,1,1,1,0.006640489,0.022452591,-0.009837246,0.011151364
0.591097551,1,1,1,0.014230891,0.023643252,0.015544909,0.026726987
1.014983231,1,1,1,-0.021751993,-0.00273191,-0.001780415,0.025863327
0.782269747,1,1,1,-0.030770252,-0.018737384,-0.004142118,0.034174555
1.722954922,1,1,1,-0.036706101,-0.019407479,0.000238561,0.035690643
1.410922908,1,1,1,-0.031985646,-0.024568493,0.011882751,-0.015542599
1.266097721,1,1,1,-0.018496356,0.038642793,-0.026728739,-0.011275342
1.755161605,1,1,1,-0.024093528,0.034994615,-0.003019545,-0.028354607
1.932437983,1,1,1,0.013122863,0.03599179,-0.025377893,-0.018955872
1.17265017,1,1,1,0.032374291,0.024769637,0.021612858,0.010199436
1.225896723,1,1,1,-0.024570338,0.008844604,0.034839774,-0.004810501
0.721566916,1,1,1,0.008860983,-0.029677796,-0.005949624,-0.026041083
0.510933635,1,1,1,-0.006432588,0.036217297,0.023761446,-0.004495381
0.593970832,1,1,1,-0.017123132,0.027092395,0.036448126,0.032532579
1.524423463,1,1,1,0.022759789,0.037271857,0.020497713,0.006267412
1.82868613,1,1,1,0.03858047,0.038519485,-0.001401917,0.025970368
1.472448433,1,1,1,0.008555835,0.023209802,0.001867246,0.017025337
1.467713024,1,1,1,-0.010051613,-0.035334618,0.018171667,0.016792287
1.56054102,1,1,1,0.014439146,-0.028867684,0.038281208,0.027003211
1.19472107,1,1,1,0.025782457,-0.010442499,0.019129252,0.032870571
1.763787932,1,1,1,0.011470431,-0.014862545,0.029308082,-0.011868197
1.1517262,1,1,1,0.00364523,-0.029285084,0.01067303,-0.03316236
0.940970477,1,1,1,-0.001534777,-0.002232624,0.017196825,0.02138066
0.749984419,1,1,1,-0.00633013,0.037130224,-0.039174245,0.023099706
1.798849563,1,1,1,0.036727322,-0.010531525,0.029595111,0.036439004
1.548169618,1,1,1,0.038822629,-0.034660632,0.020388203,0.022071493
1.869492902,1,1,1,-0.012529221,0.025267244,0.029042555,0.004261466
1.051509638,1,1,1,0.029131263,0.003562335,-0.010081094,-0.037868616
1.221054525,1,1,1,0.01269939,-0.007210862,-0.019402086,-0.011432305
1.021549954,1,1,1,-0.027873837,-0.002919716,-0.033421594,0.036070711
0.684421098,1,1,1,0.009735552,-0.016457725,0.032262734,0.034732914
0.65602895,1,1,1,0.013919742,-0.027368499,0.022533492,0.024385482
1.67663698,1,1,1,-0.024337542,-0.010952022,0.02372957,0.010068562
1.846283255,1,1,1,-0.007636146,0.020507607,0.032135198,-0.011059345
1.521857551,1,1,1,0.036036802,0.008049747,-0.01330065,-0.009617639
0.58585248,1,1,1,-0.025357674,-0.013190402,-0.020637175,-0.001487328
0.785848493,1,1,1,-0.023003069,0.006662839,-0.038300225,0.038730742
1.36842226,1,1,1,-0.001861226,-0.037665656,0.016406691,0.006029336
0.829449552,1,1,1,-0.011936169,0.010441448,-0.029597516,-0.006495149
1.822141681,1,1,1,0.001191568,-0.013063994,0.019669957,0.038247744
1.922263317,1,1,1,-0.011777263,-0.028460586,-0.011923133,-0.025068887
1.236770666,1,1,1,-0.006083638,0.007295362,-0.015755197,0.003367575
1.142707631,1,1,1,-0.00398078,-0.000207422,-0.011903707,-0.026681289
0.849676857,1,1,1,-0.023317987,-0.016391941,-0.012119013,-0.03554644
1.387729548,1,1,1,0.017315868,0.034432987,-0.015783538,0.007073185
0.788135964,1,1,1,0.020682261,-0.017992726,0.022874052,0.038904622
1.651129363,1,1,1,0.018494756,-0.024556516,0.028254676,0.001074598
1.729585924,1,1,1,-0.029711047,-0.037990323,0.034889923,-0.021279385
1.780707843,1,1,1,-0.018989672,-0.034943466,0.014407603,-0.012450085
0.826451599,1,1,1,-0.011348868,-0.017766468,-0.001594326,0.013563119
1.055393651,1,1,1,0.03408546,0.034958364,-0.017583945,-0.035958903
1.543078969,1,1,1,0.01109521,-0.033769685,0.000612758,0.03191375
0.920584024,1,1,1,0.025556796,-0.02018696,0.016712774,0.010300561
0.640062854,1,1,1,0.023315718,-0.020659252,-0.038161309,-0.034449301
1.410427027,1,1,1,0.018320497,0.009645294,-0.0359855,-0.001625865
1.102036523,1,1,1,-0.024755516,-0.026561831,-0.006047776,0.018720978
0.636891433,1,1,1,0.035992428,-0.004693512,-0.021332308,-0.012751147
1.936891307,1,1,1,0.001746846,-0.004802838,0.014260171,-0.000611516
1.647967709,1,1,1,-0.037977803,0.021565236,-0.022407736,0.030516897
1.011628064,1,1,1,-0.017239463,-0.019754723,0.02115045,0.031935481
1.656616715,1,1,1,0.036081898,-0.030442305,-0.018683185,0.028158363
0.911596697,1,1,1,-0.00891519,-0.013953277,0.027936869,-0.017200166
1.484834581,1,1,1,0.026761132,-0.031831582,-0.017238655,0.031402539
1.137674672,1,1,1,-0.009988273,-0.03664733,0.010761878,0.013873453
1.873560461,1,1,1,0.01216846,0.015345052,-0.003572399,0.039849118
1.835484648,1,1,1,0.03257112,0.023560956,0.008808455,0.014231989
0.984201688,1,1,1,-0.005893795,-0.023947663,0.007546357,0.001219625
1.343560881,1,1,1,0.007359098,0.032454915,0.002809399,-0.031599681
1.711768864,1,1,1,0.008998951,0.004359265,0.031797518,-0.008889864
0.588213692,1,1,1,0.009293618,0.024143017,-0.016381188,0.016585031
1.455242195,1,1,1,-0.02340519,-0.030681723,0.038724905,-0.005091119
1.860441041,1,1,1,-0.021202247,0.019263269,0.023557803,0.026128438
1.022102287,1,1,1,-0.029870151,-0.010092585,0.015942692,0.009618531
1.330230164,1,1,1,0.037724559,0.020254996,-0.005486559,-0.032888452
0.750710781,1,1,1,-0.027069637,-0.031740475,0.033281157,0.028443493
0.845512932,1,1,1,0.033486969,0.021280386,-0.031983329,0.021787053
0.885277204,1,1,1,0.003040913,-0.010858979,-0.000882981,-0.029829307
1.840031411,1,1,1,0.026941332,-0.025780604,0.023969378,0.014829373
1.71998455,1,1,1,6.60E-05,-0.023909853,0.02546397,0.006460703
1.487121864,1,1,1,-0.008567169,0.026265356,-0.00938146,0.019632686
1.099025513,1,1,1,0.030963678,0.036251317,0.008154547,-0.030510686
1.560226297,1,1,1,-0.010594173,-0.032319242,0.015838002,-0.032026952
1.685736524,1,1,1,-0.027832579,0.023972923,0.039267012,-0.013758239
0.758541422,1,1,1,0.033076857,0.009955439,0.030652266,-0.017165766
1.781180762,1,1,1,0.010424044,0.031566863,0.01839118,0.023278472
1.915893726,1,1,1,-0.013901684,-0.001285493,-0.035073573,-0.032103743
1.107045424,1,1,1,0.005682937,-0.01142305,0.021455826,0.017768766
1.390131844,1,1,1,0.015580871,-0.033650423,-0.003622167,-0.011535486
1.089995717,1,1,1,0.02901111,-0.006578259,0.017539107,0.002961396
1.124263481,1,1,1,-0.033137963,-0.005225096,-0.036706702,0.014706953
1.69016906,1,1,1,-0.006741761,0.00140076,-0.033331339,0.019342133
0.856966998,1,1,1,0.037300596,0.002295741,-4.91E-05,-0.01135895
0.705008926,1,1,1,0.020881223,0.004134794,0.016513041,-0.01300682
1.574281254,1,1,1,0.030198707,0.031356007,-0.004864833,-0.007477315
0.540584463,1,1,1,-0.004212181,-0.004536021,-0.033526695,-0.003205404
1.060440567,1,1,1,-0.016789498,0.02797664,-0.006517415,-0.032308494
1.205071035,1,1,1,-0.011528063,-0.02196299,0.020155647,0.024825633
0.588510416,1,1,1,0.013799812,0.036965292,0.0294638,0.03332332
0.607173372,1,1,1,-0.020656342,0.028927321,0.003677272,0.033716992
0.90771746,1,1,1,0.026136414,0.025882574,-0.028354517,-0.037535333
0.716286861,1,1,1,0.011246339,0.012865337,-0.02350019,0.005450913
1.095428992,1,1,1,-0.017449113,-0.018348152,0.003111179,-0.021620672
1.018191876,1,1,1,0.035598801,0.032487611,-0.039659795,0.038499264
1.155072377,1,1,1,-0.028777215,-0.025528604,-0.022029216,0.002347725
0.616073597,1,1,1,0.027397384,-0.034854326,-0.007200326,-0.003735524
0.915082469,1,1,1,-0.00023932,-0.020494784,0.019227553,-0.028893874
1.902575182,1,1,1,-0.031138753,-0.033568113,0.034377859,-0.033379821
0.688394877,1,1,1,0.029688771,-0.03076438,-0.025965948,-0.007237221
0.526210398,1,1,1,-0.000381592,-0.010699542,0.023271287,-0.022103263
1.462474433,1,1,1,0.015311143,-0.034184979,-0.02831132,-0.028677096
1.689217321,1,1,1,-0.009829155,-0.013896499,-0.039224859,0.019194978
1.733576982,1,1,1,0.020461102,0.02199239,-0.036887573,-0.004419439
1.444326305,1,1,1,0.026445333,0.017234496,-0.007404755,-0.019741652
1.376438274,1,1,1,-0.00537096,0.011803894,0.026587682,-0.007044846
0.752875074,1,1,1,-0.008196059,-0.001206531,-0.017655782,-0.023365259
1.000560054,1,1,1,0.001902814,-0.032594469,0.020298349,-0.013811287
0.766045546,1,1,1,0.004282163,0.004412021,0.028674007,0.012532108
1.165980745,1,1,1,0.033960636,-0.031204287,0.009853333,0.001181787
0.871479689,1,1,1,0.018446128,-0.015432037,0.000393383,0.024952052
0.509055677,1,1,1,-0.032430744,-0.00815798,0.039371244,-0.022942997
0.87656385,1,1,1,-0.038275768,-0.016306243,0.030610178,-0.029017983
1.50476382,1,1,1,0.02772848,-0.016120882,-0.024981402,0.022920754
1.606061085,1,1,1,0.022072822,0.030002298,0.013427127,-0.019086818
1.183927591,1,1,1,0.017086058,0.032909352,0.029834328,-0.022200462
1.011071892,1,1,1,-0.001133778,0.012189217,0.021282339,0.016220174
1.984827321,1,1,1,0.014536387,0.036797395,-0.026425218,0.011244145
1.358584623,1,1,1,-0.00437761,0.03856749,-0.018089514,0.000107012
1.552912022,1,1,1,0.001380758,0.004858903,-0.014749611,0.022658
1.075929953,1,1,1,-0.005129635,0.018137337,-0.023414057,-0.004728871
1.313630561,1,1,1,0.022434383,0.031516395,-0.027517819,0.006172215
0.793604626,1,1,1,-0.028259713,0.002670722,0.039112457,-0.018326234
1.535534374,1,1,1,-0.024642572,0.033563271,-0.015867693,-0.037000856
1.374058478,1,1,1,-0.01784114,-0.020024826,-0.031557461,0.015083899
0.734085223,1,1,1,-0.014477447,-0.037786096,0.022261514,-0.035187289
1.89664927,1,1,1,-0.025060397,-0.024107422,0.007200139,0.019868991
1.482190225,1,1,1,-0.010317741,0.035817244,0.00594596,0.030950048
1.310080248,1,1,1,-0.033013149,0.013453711,-0.00393654,-0.006919964
1.601717787,1,1,1,-0.017755473,-0.000535719,0.012733688,0.006570213
1.025125533,1,1,1,0.037089702,-0.01677072,0.036836628,0.003227922
1.581532365,1,1,1,-0.011856071,0.016690018,-0.014529499,0.020271714
1.27464646,1,1,1,0.038689697,-0.003061437,-0.02082942,0.003529399
1.75951676,1,1,1,-0.018462282,0.003231652,0.022028048,-0.019168144
1.617651458,1,1,1,-0.017664652,0.031787116,-0.026261027,-0.023814401
1.416704259,1,1,1,-0.00272983,0.014135858,-0.0306044,-0.001728692
1.317579086,1,1,1,-0.008283237,0.000679037,-0.014839016,0.027259577
1.179432687,1,1,1,0.013448318,-0.03822417,0.025084797,-0.028006079
1.722398147,1,1,1,0.022185774,0.002532226,-0.014342973,-0.005938955
1.654568383,1,1,1,-0.025278516,0.012348214,-0.034959806,0.0151576
0.806405759,1,1,1,0.029924081,0.039103647,-0.012969137,-0.031292451
1.290886842,1,1,1,0.031553397,0.039638648,-0.014099887,-0.031381078
0.867004604,1,1,1,0.032762745,-0.02318714,0.016147289,-0.02656872
0.857294971,1,1,1,0.006583943,-0.036246515,-0.002537302,0.031199653
1.51788508,1,1,1,-0.024018227,0.01718133,0.037432267,-0.01363011
1.474365084,1,1,1,0.009622167,-0.006749262,-0.027272746,-0.000303855
1.864420503,1,1,1,0.035292514,0.023704708,-0.022678474,-0.008360791
0.68265746,1,1,1,-0.00220203,0.034190855,-0.011191028,0.018492521
1.604530857,1,1,1,0.00148572,-0.035782917,-0.006829346,0.018466969
1.301865622,1,1,1,-0.032079435,0.002621396,0.017204851,-0.026202778
0.678495251,1,1,1,0.0158691,0.005329103,0.006000122,-0.029849992
1.811607099,1,1,1,0.00751204,-0.034031512,-0.029228143,0.008052485
1.111571809,1,1,1,-0.002705121,-0.011972209,0.00114465,-0.004222727
0.791873995,1,1,1,0.016241756,-0.003561558,-0.024721047,0.032704956
1.692812608,1,1,1,-0.022270691,0.024617841,-0.012731559,-0.039148345
1.002339875,1,1,1,0.018720713,0.032975417,-0.019015118,-0.033472783
1.087944627,1,1,1,-0.013339124,0.020650425,-0.019755123,-0.039489712
0.928144826,1,1,1,-0.003458922,0.033781292,0.004297347,0.027394226
1.724584195,1,1,1,-0.03916026,0.039028653,-0.017790282,0.026502729
0.686210843,1,1,1,0.000912468,0.036819843,-0.022194852,-0.020728279
0.922568606,1,1,1,-0.025460545,0.010991501,0.011357513,-0.029058241
1.479242841,1,1,1,-0.039319207,0.028875894,0.023657365,-0.030838384
1.032428781,1,1,1,-0.000542295,0.016342173,-0.007135985,0.020917071
1.592598542,1,1,1,-0.029377398,-0.021640076,0.00931389,-0.018469644
1.048464277,1,1,1,-0.009363163,0.018268781,-0.001292508,-0.032735738
1.336178579,1,1,1,0.00710005,-0.014892741,0.027710265,0.03429707
0.851543201,1,1,1,-0.020477672,0.033500871,-0.034366843,0.028277084
1.860538389,1,1,1,-0.00162884,0.004523023,-0.027707213,0.038604814
1.810085482,1,1,1,0.03024395,-0.005782244,0.02512341,-0.030259913
0.872724548,1,1,1,0.033638259,0.026035651,-0.039893685,-0.017634766
0.870432875,1,1,1,0.011852018,-0.035441265,-0.024141854,-0.001362059
1.497928633,1,1,1,-0.006642583,0.031756348,0.032455247,0.039087711
1.838282212,1,1,1,0.021687201,-0.01749842,0.037775045,-0.022643131
1.599627897,1,1,1,-0.031625029,-0.03844528,-0.016744647,-0.036314932
1.609519562,1,1,1,-0.013066894,0.019848523,0.038872721,-0.023075897
1.883459296,1,1,1,0.028885494,-0.022694285,-0.033035267,0.024427185
0.670927742,1,1,1,0.019014104,-0.023540808,0.004188893,-0.031168497
0.635998416,1,1,1,-0.026676781,-0.030371702,-0.012385805,0.008612629
1.880387106,1,1,1,-0.035226857,-0.017877292,0.021014398,0.013412276
1.633393786,1,1,1,-0.000660285,-0.002800852,-0.026512476,0.033421252
0.701243426,1,1,1,0.023589066,-0.017300783,-0.032504761,-0.030566981
1.774833856,1,1,1,-0.039506966,-0.003507875,0.011606099,0.002461758
1.716393129,1,1,1,-0.034096114,0.01150564,0.034758204,-0.039058842
1.54166678,1,1,1,-0.026912502,-0.031971173,0.005721073,-0.030989537
1.448944936,1,1,1,0.019483822,0.031234447,-0.005699254,-0.02815474
1.329305332,1,1,1,0.004594927,0.010375314,-0.024685774,-0.003824332
1.944734863,1,1,1,-0.003633416,-0.023094404,0.024662493,0.005687588
1.870942913,1,1,1,-0.0150332,-0.007579217,-0.003767147,-0.011194187
0.633895604,1,1,1,-0.017963775,0.014593776,-0.022539718,0.003657954
0.743444082,1,1,1,-0.023604294,-0.010181389,-0.032701505,0.027310212
0.507272707,1,1,1,0.024730965,-0.014696415,0.039833822,0.011306912
1.972215662,1,1,1,0.003737158,0.029733539,-0.006115683,-0.002234523
1.612706552,1,1,1,0.034500206,0.022865543,-0.034165793,-0.021316759
1.425737204,1,1,1,-0.023686958,0.033295602,0.033792383,-0.015766788
1.309768122,1,1,1,0.019089998,-0.006653588,-0.029051583,0.000287022
1.428732981,1,1,1,0.026803711,-0.024746828,-0.03440195,-0.008512792
0.897913482,1,1,1,-0.030615988,0.019366745,0.027674446,-0.009461557
1.914393718,1,1,1,0.009093973,0.010126987,0.010594198,-0.009680474
0.707534406,1,1,1,0.030146375,-0.009992008,0.017683433,0.019961476
1.188131275,1,1,1,0.005859745,-0.039264348,-0.001605322,-0.02002925
1.987819296,1,1,1,-0.036618144,-0.023258159,-0.013456422,0.005935812
1.572708976,1,1,1,-0.025689582,0.033248252,0.010419116,0.03837954
0.796019731,1,1,1,-0.01321023,-0.008817375,0.035735075,-0.002091894
1.211233442,1,1,1,-0.006543375,0.022959703,0.013708962,-0.024245173
1.877883758,1,1,1,0.003233709,0.010232277,-0.004556815,-0.038207835
1.059276009,1,1,1,-0.007343796,0.017281028,0.025966487,0.00995336
1.674431158,1,1,1,0.01178822,-0.017125823,-0.037230314,0.009458069
0.908742753,1,1,1,-0.008719411,-0.01419634,0.021554438,0.005343081
1.993566268,1,1,1,-0.014957134,-0.016966896,0.021867164,0.030031155
1.634578734,1,1,1,0.023086734,0.010886967,-0.034550016,-0.019493277
1.819502209,1,1,1,0.023477983,0.029394638,-0.037102854,0.0082398
0.690683599,1,1,1,0.03136452,0.016829951,0.000134735,-0.012288855
1.78931526,1,1,1,-0.011434923,0.037618517,0.015096337,0.012592738
1.201813718,1,1,1,0.038066075,0.039387927,-0.03525081,-0.032998616
1.555202771,1,1,1,-0.01462211,-0.002969286,0.016611746,0.011422429
0.773407128,1,1,1,-0.005464473,-0.017102032,-0.01352713,-0.036463735
1.139186112,1,1,1,0.021141206,0.001329204,0.029385769,0.039823992
1.598474753,1,1,1,-0.002295006,-0.035587476,-0.008030687,0.009877493
1.549525665,1,1,1,-0.024258383,0.013009514,0.002749376,-0.039016372
1.459413976,1,1,1,0.03644493,0.036438342,0.009685,-0.013364218
1.898289512,1,1,1,0.022571153,-0.004395129,0.006307076,0.008117486
1.439410639,1,1,1,-0.023596306,-0.00793421,0.008009614,0.01939302
1.272904717,1,1,1,0.031855827,0.009397482,-0.009077394,-0.013048685
1.853184783,1,1,1,0.017960045,-0.001011698,0.021960565,-0.005431871
1.047490398,1,1,1,-0.003311666,-0.00340543,0.012953623,-0.021551723
1.825983634,1,1,1,0.004142228,0.017790384,-0.003690725,-0.021785032
0.565744398,1,1,1,-0.009082098,-0.035612673,-0.001222298,-0.027896177
1.534811912,1,1,1,-0.004535033,0.00595525,-0.023288451,0.00404024
1.0457422,1,1,1,0.002479307,0.020789504,0.036769266,0.029366075
1.631403735,1,1,1,0.02405349,-0.018717718,-0.029024722,0.028620181
0.528510396,1,1,1,0.00346966,-0.031547716,0.013560578,0.022847224
1.034418509,1,1,1,0.02671706,0.029866251,0.010202006,-0.003488443
0.718436304,1,1,1,0.005819661,0.008624542,0.031355223,0.034082153
0.527473456,1,1,1,0.036966169,0.010268356,0.003301328,0.032167956
1.991399133,1,1,1,-0.016972308,0.027765681,0.003021347,0.029166761
1.160298157,1,1,1,0.02534823,-0.001879045,0.032542198,0.012818022
0.657960032,1,1,1,9.13E-05,0.021161219,0.033684144,-0.018704612
0.515461163,1,1,1,-0.022534629,-0.039093261,-0.039468526,0.003719136
1.718809924,1,1,1,0.037154225,-0.001443078,-0.013413251,-0.020170815
1.366022392,1,1,1,0.024514484,0.014762592,0.027297195,-0.008651602
1.953120284,1,1,1,0.015180322,-0.013552656,0.027179658,-0.003846365
1.636285154,1,1,1,-0.012690473,-0.018294573,-0.002936967,-0.018843385
1.005066572,1,1,1,0.030789069,0.004029713,0.005239268,-0.001582468
0.835679752,1,1,1,0.009569144,0.003058651,0.005869024,-0.028187695
1.005539295,1,1,1,-0.003431068,0.03432988,-0.023857577,0.009368569
1.147479211,1,1,1,0.009930612,-0.009864042,0.00168272,-0.010127437
0.557560051,1,1,1,-0.035333893,-0.017653633,-0.038513527,-0.025229592
0.904551427,1,1,1,-0.030348109,-0.02990971,0.007372031,-0.009007937
1.447432052,1,1,1,-0.037571125,0.004962251,-0.015431056,0.038686329
1.083511622,1,1,1,-0.00464907,0.024349509,0.014376321,-0.013566184
0.739513549,1,1,1,0.020077315,0.00031365,-0.010966008,-0.016964621
0.939323098,1,1,1,0.036316856,-0.013512031,-0.019326126,0.036103383
0.709838177,1,1,1,0.012384584,0.035724609,0.023303728,-0.013853987
1.820278713,1,1,1,-0.02724527,-0.026938371,-0.008491365,0.035583486
1.849015614,1,1,1,0.032136148,-0.035841329,0.004003744,-0.008057179
1.024555127,1,1,1,0.023610467,-0.012019433,-0.027906662,-0.038362414
1.842555823,1,1,1,0.002277572,0.021886066,-0.004351754,-0.031910663
1.556326052,1,1,1,-0.028071698,0.02785241,0.035876629,0.036518963
0.711334824,1,1,1,-0.009036205,0.013735988,0.00958981,0.029359472
1.930843685,1,1,1,0.004454946,0.035599502,-0.031901953,-0.024684787
1.767323447,1,1,1,-0.021314149,0.002328517,0.001512354,0.014763663
1.271135667,1,1,1,-0.027508293,-0.036050937,-0.018430706,0.007522248
1.64654426,1,1,1,0.009776378,-0.030111727,0.033614227,-0.002668719
1.057447779,1,1,1,0.030446898,0.022611629,-0.03279418,-0.00980337
1.176703096,1,1,1,-0.031110454,0.028000566,0.035200988,0.008301789
1.433084998,1,1,1,-0.001068402,0.01553221,0.003805428,0.005070227
1.745433603,1,1,1,-0.036793193,0.017741379,-0.018784531,0.001511397
1.019671014,1,1,1,0.007650373,0.024313274,-0.032889839,0.028548611
1.1058258,1,1,1,0.032199422,-0.009370268,0.028885394,0.019013069
1.108308455,1,1,1,-0.015943128,-0.038335362,0.009245833,0.030772723
1.189158464,1,1,1,0.026192146,-0.011092229,0.027549145,-0.032557427
0.9459542,1,1,1,-0.033525189,-0.009581257,0.035563375,-0.010316008
0.972985414,1,1,1,0.038201204,-0.033992005,0.006601372,0.013829993
0.638518981,1,1,1,-0.031365583,-0.022635453,-0.015261235,-0.020631867
0.975816147,1,1,1,-0.034922625,0.006801854,0.018711022,0.00724286
1.228062182,1,1,1,0.038244928,-0.037280355,0.003248067,-0.028421227
1.961030269,1,1,1,0.03487329,0.03974149,0.006361459,0.035644432
1.786548323,1,1,1,-0.032729277,0.030129347,-0.012568305,-0.013120235
1.858099743,1,1,1,0.006972801,-0.0286899,-0.019607418,-0.030454529
1.070900364,1,1,1,-0.009340462,0.006550123,0.019530615,0.000512041
1.077222016,1,1,1,0.004207939,-0.008079805,-0.025686349,0.007675354
1.130428691,1,1,1,0.030860598,-0.015637229,0.018082302,0.021719169
1.476404512,1,1,1,-0.00252609,-0.015341074,0.016348251,-0.022261692
0.532721465,1,1,1,0.006003444,-0.016023652,-0.000321795,-0.000113712
0.572149848,1,1,1,0.015053472,-0.019926666,-0.013740183,0.029810658
1.52141595,1,1,1,0.00016675,0.000792805,0.026681414,-0.039304988
1.978995437,1,1,1,-0.012608795,0.007370396,0.031223638,0.020729549
0.984861044,1,1,1,-0.002402852,-0.013757288,-0.011763075,-0.01504048
1.404834809,1,1,1,-0.037129252,-0.007009355,-0.009874324,-0.032420404
1.850384293,1,1,1,0.007779549,-0.008963093,0.006869812,-0.015611381
1.123885219,1,1,1,0.036883061,0.022072493,0.017836797,0.031095319
1.694142055,1,1,1,-0.022218408,-0.031393617,0.010248526,0.031249509
1.299805351,1,1,1,-0.018930209,-0.031094384,-0.004637405,0.039308598
0.601253487,1,1,1,0.0248104,0.016567218,0.024909005,-0.015134925
1.95385412,1,1,1,-0.032201084,-0.013292407,-0.007102959,-0.000689343
0.84208163,1,1,1,0.005629442,-0.001740445,0.002205369,0.034374473
0.924372483,1,1,1,0.018306488,0.003983441,-0.037368027,0.014902929
0.570166256,1,1,1,-0.021480301,-0.018854445,-0.000685644,-0.014076921
1.378486527,1,1,1,-0.028532768,0.00836996,0.007309313,-0.016952642
1.527350204,1,1,1,0.009887926,-0.014608927,-0.031469147,0.036627573
1.389418076,1,1,1,0.029314931,0.037361171,0.021771568,0.014549272
0.755869688,1,1,1,0.03585513,0.005164649,-0.002044344,-0.033078853
1.736840933,1,1,1,-0.019117899,-0.002315807,0.024353385,-0.00682907
0.651973193,1,1,1,-0.00561731,0.030332004,0.01682015,0.01301823
1.727097696,1,1,1,-0.018056532,0.003499336,0.036556437,-0.01824847
1.762811309,1,1,1,0.036335828,0.022554084,0.025691931,-0.004244743
1.404132071,1,1,1,-0.02653621,-0.008957328,0.009008324,-0.031677252
1.524755143,1,1,1,0.027285365,-0.009267186,0.004109513,0.024567946
0.545788511,1,1,1,0.038882169,0.001112249,0.010859263,-0.038476581
1.279117922,1,1,1,0.030365366,0.020858851,-0.012555945,0.015438309
1.550895642,1,1,1,-0.003889147,-0.00944511,-0.021974912,-0.016031802
1.815568456,1,1,1,-0.013709627,0.016156766,-0.005777358,0.033046644
0.621941241,1,1,1,0.006740112,0.026116722,0.014744182,0.025511909
1.204509744,1,1,1,-0.021399979,-0.025856143,0.034463885,0.0372439
1.219089313,1,1,1,0.039056274,-0.036431572,0.008461239,-0.019590196
1.276397531,1,1,1,0.000814238,0.027413614,0.012418406,0.038142181
0.890015896,1,1,1,-0.001923569,-0.012902222,0.014156084,-0.028550823
0.665757889,1,1,1,0.016179879,0.029234491,-0.027383498,0.033459853
0.681015847,1,1,1,-0.035900783,-0.00321263,-0.033996594,-0.023303705
0.833065437,1,1,1,0.025436855,0.014849209,-0.037594114,-0.011466377
1.638185593,1,1,1,-0.034002099,0.008242338,-0.012947901,-0.036197075
1.624235952,1,1,1,-0.039834058,0.000597133,0.005380461,0.0349772
1.311662484,1,1,1,0.039236657,0.033950399,-0.010890886,-0.022516612
1.014478175,1,1,1,0.034398411,0.016268991,-0.005293136,0.019471059
1.580068526,1,1,1,0.002071779,0.009724475,0.015273964,-0.038592765
0.625496784,1,1,1,0.031820212,0.036039483,-0.037636737,0.004945482
1.11679721,1,1,1,-0.031751984,0.038463604,0.00450727,-0.00577405
1.679828039,1,1,1,-0.036103254,-0.038982345,0.00226472,0.018196406
1.199440839,1,1,1,0.018144238,-0.023814987,0.003914826,-0.017875257
1.955993383,1,1,1,-0.010767326,0.018416781,-0.000637475,0.02526142
1.887772895,1,1,1,-0.021959773,0.001217045,0.017955251,-0.026403291
0.600235036,1,1,1,0.031672173,0.012427887,-0.002261975,-0.036618025
1.607476943,1,1,1,0.024972132,0.021110135,0.03694978,-0.003947998
0.926643479,1,1,1,-0.037494203,-0.011629213,-0.032407262,-0.029352532
1.485942435,1,1,1,0.011348217,-0.009616675,-0.008820281,-0.015313121
0.799538698,1,1,1,-0.009172271,0.031677725,0.002080991,2.75E-06
1.566775263,1,1,1,-0.001214819,-0.02219461,-0.009286362,-0.032668866
0.882072943,1,1,1,-0.017075926,-0.030806201,-0.025312703,-0.004006891
0.813591189,1,1,1,-0.024860351,-0.021378464,-0.002705285,0.028824534
0.676775989,1,1,1,-0.032575138,-0.00768739,-0.000428475,0.022595653
1.564683007,1,1,1,-0.013557226,0.018379706,-0.016488276,0.013123901
1.69141883,1,1,1,-0.022410773,-0.024444626,-0.031366934,0.000652803
0.952498434,1,1,1,-0.029455729,-0.022362444,0.014163195,0.00730367
1.267069396,1,1,1,0.020853149,-0.034786532,0.037634095,-0.012072769
0.958188827,1,1,1,0.027505964,-0.029171035,0.008230418,0.029639992
1.372864196,1,1,1,0.028726448,-0.029727819,0.030273366,-0.023928114
1.065379047,1,1,1,0.00024122,-0.035437343,-0.008647025,-0.015692612
1.079772787,1,1,1,0.028465174,-0.028959368,-0.028814309,0.01159729
1.406583701,1,1,1,-0.019328324,0.0024149,-0.016656338,-0.000901263
0.844326909,1,1,1,0.032455832,0.036888195,0.03721736,0.017072118
0.937855086,1,1,1,-0.012095423,0.029671873,-0.020173678,-0.039392652
0.579905969,1,1,1,0.016721273,-0.038676512,0.030501288,0.033236152
1.18181275,1,1,1,0.005364871,0.03649982,-0.014950282,-0.023465606
1.469537366,1,1,1,0.013115978,-0.008733574,0.007849816,0.013924802
0.874387425,1,1,1,0.029586468,0.023170724,-0.007331123,0.003783417
1.230362445,1,1,1,0.021507273,5.72E-05,-0.039709638,-0.03354132
0.505442719,1,1,1,-0.031455256,-0.015598585,0.030015243,0.03378135
1.341931623,1,1,1,-0.03802535,-0.011819213,0.0241866,-0.010555725
0.993290967,1,1,1,0.010615763,-0.009188973,0.037114329,0.023924738
1.003725261,1,1,1,-0.00699086,-0.017401305,0.027442811,0.005885999
1.428016705,1,1,1,0.020491737,-0.012149067,-0.028074621,0.026802073
1.326082447,1,1,1,-0.026377746,-0.00033468,0.009424505,-0.035812961
1.777673957,1,1,1,0.009509683,-0.034579463,0.023519128,0.008911397
0.794139184,1,1,1,-0.007378108,-0.007783798,0.034501223,0.034527555
1.194467244,1,1,1,0.004513711,-0.006503151,0.004646923,0.005669358
1.958186754,1,1,1,0.010488585,-0.024685385,-0.024809444,-0.02109798
1.235318692,1,1,1,0.014792474,0.017413957,-0.012284039,0.008344195
1.500340274,1,1,1,0.015679927,0.033882009,0.001392525,0.027940936
1.251422845,1,1,1,0.004974151,0.008998742,-0.00622349,-0.00459416
0.981088254,1,1,1,-0.035789936,-0.022772023,0.013650282,-0.006385466
0.896846146,1,1,1,0.029617875,0.021764079,-0.010441421,0.021312022
1.483065542,1,1,1,-0.008464372,0.015205325,-0.033458358,0.003955946
1.785188931,1,1,1,-0.01097265,0.023904049,0.011550686,-0.014936714
1.401304389,1,1,1,-0.029927644,0.031944061,0.03530456,-0.010954007
0.684896147,1,1,1,-0.012186887,-0.014271084,0.000803885,-0.035755547
0.862313672,1,1,1,-0.010915233,-0.019673885,-0.017373243,-0.000848906
1.660919325,1,1,1,0.010189329,-0.011599792,-0.0203579,0.013302158
1.115164359,1,1,1,-0.025929334,-0.005431459,0.037463606,-0.020103304
1.963598548,1,1,1,-0.023861591,-0.037028691,0.018730472,-0.02323264
1.268954697,1,1,1,0.031505359,-0.007051328,0.035137484,0.024798807
0.535968188,1,1,1,0.00042041,0.005684833,0.03310192,0.009113447
0.944477109,1,1,1,-0.019499071,0.009287868,0.035803111,0.002556543
1.704188398,1,1,1,-0.037817134,-0.037243719,-0.03075382,0.015963227
1.096677679,1,1,1,0.004026704,0.012287954,-0.026114103,-0.0337156
0.554717546,1,1,1,-0.018351737,-0.001409757,-0.020156551,-0.01744411
0.655048376,1,1,1,0.02285581,-0.014731172,-0.020497175,0.015324759
1.492082812,1,1,1,-0.0363243,0.02753401,-0.00314399,0.018104045
1.790071113,1,1,1,0.022297841,0.02093217,0.019830381,0.035392696
1.829864355,1,1,1,0.00259102,0.02850881,0.032887784,0.037119143
1.979359618,1,1,1,-0.015048016,0.036327198,-0.030430312,0.015273989
0.913229077,1,1,1,0.01937139,-0.010979006,0.029011346,-0.031959578
1.53267677,1,1,1,0.021216802,0.035319273,-0.034965056,0.030705469
0.538771173,1,1,1,0.024239344,0.012886577,-0.017501542,0.035297383
1.37071087,1,1,1,-0.012883081,-0.022994797,0.039005677,-0.014229139
1.671617608,1,1,1,0.012048678,0.000139376,-0.018314071,-0.011986124
1.714874506,1,1,1,0.035762673,0.000914416,-0.008917282,0.007518503
0.659377789,1,1,1,-0.035493451,0.012621269,-0.00418853,0.028344268
1.999553485,1,1,1,-0.009663478,-0.018582356,-0.005044943,-0.001942699
0.737688282,1,1,1,-0.033251665,-0.003951109,-0.035515707,0.035995195
1.270473539,1,1,1,0.008108248,0.030602843,0.01940988,-0.002308154
1.259458755,1,1,1,-0.00135208,0.026935418,0.0270793,-0.01022387
1.518975537,1,1,1,-0.021762016,0.007713595,-0.022923558,0.002196505
0.998321232,1,1,1,0.015443851,0.0206166,0.030888591,0.022463238
1.244865034,1,1,1,0.001037012,0.024800284,0.024311182,0.039004321
0.711584004,1,1,1,0.014984487,-0.013215719,-0.029494417,-0.006197649
1.31689153,1,1,1,-0.010665516,0.022660078,-0.011727719,-0.026555695
1.674712963,1,1,1,0.032076398,0.014948516,-0.030694042,0.029463553
0.846625036,1,1,1,0.019816201,0.025404569,-0.03391858,0.037370898
0.618896978,1,1,1,-0.020173731,-0.034252971,-0.015054272,-0.000488809
1.133474685,1,1,1,-0.00693411,-0.016230676,0.033955227,0.025648652
1.771059183,1,1,1,0.0052816,-0.012681286,-0.032203923,0.034449992
1.641534755,1,1,1,0.036861449,-0.003184406,-0.031801038,0.038011924
1.891336511,1,1,1,0.006106905,0.030979775,-0.030384782,-0.035348695
0.610907804,1,1,1,-0.001729509,0.035068302,-0.025602075,-0.00106862
1.456764192,1,1,1,0.010807012,0.000453027,0.037849932,0.025411346
1.092266032,1,1,1,-0.028968241,0.002895901,0.005817696,-0.026269691
0.93531556,1,1,1,0.013981024,-0.002158465,-0.010284884,0.035267723
0.626085475,1,1,1,-0.016858376,-0.0311768,0.007464952,-0.039617703
1.319776702,1,1,1,-0.018828555,-0.005480919,-0.000552042,-0.012951201
1.321809614,1,1,1,-0.023113543,0.021740323,-0.027783982,0.016816575
0.915575898,1,1,1,-0.031335668,0.025153091,-0.029783907,0.037479575
1.242750987,1,1,1,0.015773449,-0.02998869,0.030111662,-0.02385833
0.768682784,1,1,1,0.009390511,-0.016950468,-0.038878155,-0.012120999
0.808689212,1,1,1,0.039783532,0.011892902,0.03423054,-0.02067047
1.067146602,1,1,1,-0.009230326,-0.017691176,0.039998668,-0.010011909
1.382150109,1,1,1,0.007128905,0.027356219,-0.007736042,0.037969711
1.073757237,1,1,1,0.006909886,-0.020356656,0.006181973,-0.03591741
1.359747137,1,1,1,-0.027619695,-0.00463098,0.023168971,-0.036044823
1.666527768,1,1,1,-0.003530083,0.006933635,0.026476542,0.00215835
1.826722681,1,1,1,-0.032835345,0.030528179,0.026739064,0.001304702
1.202401963,1,1,1,0.007363212,-0.010310686,-0.019120421,0.003129979
0.731780999,1,1,1,-0.029768639,0.005247562,0.005161163,0.009698074
0.817294302,1,1,1,-0.005718414,0.011571466,0.002597891,0.018378165
1.748460039,1,1,1,0.0319565,0.02843769,-0.02095254,0.038420465
1.085952263,1,1,1,-0.032719627,-0.000792524,0.003476856,0.007835794
1.241888072,1,1,1,0.024327546,-0.025434326,0.030213244,-0.034520027
1.746530024,1,1,1,-0.004285368,-0.012786745,0.00088539,0.020590298
1.339235662,1,1,1,-0.038385179,-0.005531156,-0.038370793,0.01408552
1.706761285,1,1,1,-0.009732128,0.009139634,0.034023075,0.027788661
1.145231717,1,1,1,0.000646918,0.024934703,-0.010064783,-0.008846669
1.226222009,1,1,1,-0.004802359,-0.026453566,-0.038902012,0.005774992
1.294583643,1,1,1,-0.010135826,-0.011210208,0.002074622,0.027076962
1.491497156,1,1,1,-0.034638314,-0.004972462,0.012006686,0.030385706
1.619790645,1,1,1,-0.02795003,-0.032190138,0.006092782,0.032312808
1.966293679,1,1,1,0.012575257,-0.010604241,-0.037038268,-0.038287441
1.90175621,1,1,1,-0.035949909,0.023825202,0.020702557,-0.019989178
0.578791274,1,1,1,-0.016561923,0.033047165,0.034648281,0.035517565
0.982669344,1,1,1,0.028338918,-0.005893845,-0.007913981,-0.00515625
1.239832587,1,1,1,0.021586646,-0.034455822,-0.014716124,0.009262364
1.862855213,1,1,1,0.024463555,0.023447737,-0.017323331,0.02628217
1.081200372,1,1,1,0.038975055,0.02916838,-0.033107172,-0.03807744
0.969881276,1,1,1,-0.008113866,-0.039508269,0.020458722,-0.031220458
1.630650693,1,1,1,-0.018713346,-0.027572034,0.03667845,0.03165598
1.925544138,1,1,1,-0.015669971,0.02544375,-0.020247463,0.018282413
1.579441955,1,1,1,0.034623297,0.035436083,0.030865451,0.02955309
1.345884176,1,1,1,0.021977873,0.037846903,-0.024440377,-0.002938289
1.871030026,1,1,1,-0.038129329,0.037738005,-0.01607562,-0.009410635
0.548619694,1,1,1,-0.024891934,-0.008273622,0.014686296,-0.014093479
1.135451918,1,1,1,0.017750271,0.003887179,-0.024066799,0.01545347
0.594932639,1,1,1,-0.030180684,0.007000551,-0.001086002,0.000891916
1.037112219,1,1,1,0.003297333,-0.036954572,-0.019058056,0.031323951
1.207122952,1,1,1,-0.003061388,0.034777132,-0.004760378,-0.019303872
1.655826467,1,1,1,0.011155933,-0.02351762,0.012606043,-0.010630482
0.899080614,1,1,1,0.031293104,0.027697537,-0.02852572,0.009580693
0.768376659,1,1,1,-0.030405562,-0.016686799,-0.025898718,-0.001858784
1.379175752,1,1,1,0.005262632,0.03801156,-0.037338708,0.020014011
1.775923349,1,1,1,0.02189285,-0.001925535,0.038415745,0.0123758
0.991044122,1,1,1,0.024145806,-0.037846716,-0.033768146,0.03921087
1.062027369,1,1,1,-0.034747632,-0.031628179,0.011802671,0.008846358
1.479617418,1,1,1,-0.026107861,0.008192473,0.001831094,0.02428357
1.502453882,1,1,1,-0.026840401,-0.028162773,-0.002868923,0.030239475
1.80290628,1,1,1,-0.033464375,0.010764552,-0.016961444,-0.017372335
1.306490896,1,1,1,-0.02817279,0.025957749,0.010396263,0.015730906
1.293294399,1,1,1,0.014818768,-0.038873873,0.026312468,-0.025927948
0.955604017,1,1,1,-0.001517101,-0.027483893,0.017364539,0.000846071
0.697675375,1,1,1,-0.020602671,0.039139696,-0.01264932,0.028750986
1.80169555,1,1,1,-0.007791299,0.009514294,0.03200696,-0.024890014
1.308462327,1,1,1,-0.01730161,0.004880539,0.026933601,-0.005758376
1.45245141,1,1,1,0.024718724,0.000830813,0.020854614,0.002818628
1.577662769,1,1,1,0.000488396,-0.015240912,0.028854693,0.032604664
1.315674421,1,1,1,-0.005115957,-0.021870095,0.030746001,-0.035623498
1.743279544,1,1,1,-0.004159665,0.014496853,0.01617656,0.034644623
0.776915198,1,1,1,0.013651425,-0.024829129,-0.032577823,-0.021872604
1.431973728,1,1,1,0.025859711,0.011657185,-0.012816077,-0.007437257
1.394123327,1,1,1,0.025623944,-0.018468786,-0.026221828,-0.035082721
1.88536011,1,1,1,-0.016019237,-0.006088508,0.01949552,-0.002338136
0.606421527,1,1,1,0.0051444,0.029441565,-0.039097037,-0.01500526
0.772248479,1,1,1,0.030637608,0.038740427,-0.00960329,-0.017815889
0.995987279,1,1,1,0.028717042,-0.003691069,-0.010652626,-0.038844118
0.574369771,1,1,1,0.010949101,-0.015684146,0.017625692,0.007180256
1.489908107,1,1,1,-0.029639094,-0.008373505,-0.030241501,0.004681329
1.653427499,1,1,1,-0.036980856,-0.01414099,-0.011572423,-0.007017535
0.809765057,1,1,1,0.023996066,0.030741401,-0.019548384,0.007700556
1.837472569,1,1,1,0.016427259,0.0047132,-0.038750603,0.034624735
0.50288704,1,1,1,0.03341275,0.027498745,0.032838243,-0.039824844
1.052870413,1,1,1,-0.005826522,-0.031283569,0.006468655,0.00349815
0.617258914,1,1,1,-0.018089968,0.037548812,0.037023521,0.029065953
1.391783343,1,1,1,-0.018277213,0.00618479,0.031564405,0.023814188
1.912807377,1,1,1,0.034210251,-0.036574493,0.022687871,-0.02245862
0.763135337,1,1,1,0.017637423,0.013781603,-0.032240524,0.0055936
1.778977584,1,1,1,-0.02187881,0.012023058,-0.033733043,-0.012551217
0.571820946,1,1,1,-0.038181909,0.019806878,-0.00447006,0.016152916
1.393805742,1,1,1,-0.034849683,-0.027343338,0.01531144,-0.030929907
0.964196446,1,1,1,-0.038765548,0.021004862,0.018406415,-0.03072267
1.100135207,1,1,1,0.012284924,0.015607661,-0.008371028,0.008707942
0.674653642,1,1,1,0.023680239,-0.030260786,-0.024199406,0.007944415
1.239370184,1,1,1,0.016338808,-0.011441202,-0.016196462,0.024177092
1.06370308,1,1,1,-0.033297825,0.037319341,0.005312984,-0.015220459
1.854801396,1,1,1,0.033566807,-0.01902978,-0.000761725,-0.031087258
1.712966102,1,1,1,-0.039015109,-0.02531343,0.006927453,0.018674539
1.783922431,1,1,1,-0.00954576,0.020340991,-0.027128065,0.002024958
0.878077784,1,1,1,-0.006623994,-0.030622577,0.002338058,-0.035008634
0.848295754,1,1,1,-0.019375754,-0.004750137,-0.038063519,-0.030325929
1.112345968,1,1,1,0.006469315,0.015025785,0.029715107,-0.013984285
1.361605338,1,1,1,-0.009473642,-0.032725701,-0.031096628,-0.018990043
0.583661468,1,1,1,0.005972566,-0.019577248,0.002711062,-0.037390792
1.628387501,1,1,1,0.020296576,0.007779361,0.022204653,-0.003666254
0.661954043,1,1,1,0.027888585,0.019586519,0.002421087,-0.029614432
1.512026952,1,1,1,0.016520571,0.019107612,-0.024911732,0.016656681
1.53809648,1,1,1,0.01289545,0.000491364,-0.004660127,0.025544488
0.61407546,1,1,1,0.033008841,0.034839067,0.018615117,0.025187333
1.79617152,1,1,1,0.009255708,0.030708636,0.019281449,-0.024140089
0.77101877,1,1,1,0.018954728,0.019602913,7.16E-05,0.026171609
1.749773517,1,1,1,-0.022003693,0.028216473,-0.007598318,0.012669846
1.158980978,1,1,1,0.039712357,0.020169017,-0.022734068,-0.016322518
1.248936405,1,1,1,-0.01164153,0.022176294,-0.016457311,-0.036541535
1.162264398,1,1,1,-0.039243424,-0.007172471,-0.028112228,-0.029946445
1.168418222,1,1,1,0.017014326,0.035453552,-0.016914409,-0.002871831
1.539883513,1,1,1,0.003017168,0.005863221,0.033576248,0.008429866
1.939054623,1,1,1,-0.034195296,-0.026199013,0.003417566,0.022324873
1.170791582,1,1,1,0.029829598,0.000976197,0.00763055,-0.037165811
1.744865212,1,1,1,-0.000849351,-0.008493486,0.03855326,-0.034725476
0.736659224,1,1,1,0.037600739,-0.02671583,0.028538535,-0.010723466
0.728910696,1,1,1,-0.007529436,-0.025933587,-0.038080497,0.026671668
1.185838422,1,1,1,-0.000286701,0.006791423,0.03509466,0.025119797
0.821952056,1,1,1,-0.033956548,-0.01222063,-0.022113739,-0.005508817
1.616142439,1,1,1,0.016847467,0.013148491,0.038938765,-0.012586483
0.886781265,1,1,1,-0.015777015,0.028145796,-0.010517155,0.014260799
1.213116705,1,1,1,0.016107552,0.020084832,-0.025527559,0.012478477
0.800198514,1,1,1,-0.028708098,-0.024177942,-0.035853538,-0.031732476
1.596092153,1,1,1,-0.003273991,-0.036491228,0.000999948,0.023591861
1.18007843,1,1,1,0.025471682,-0.028611671,0.02310085,-0.025880396
0.893426276,1,1,1,0.010151077,0.009875418,-0.020051468,-0.025379316
0.931448668,1,1,1,-0.026285493,0.003296696,-0.018947879,-0.007914976
1.277210343,1,1,1,-0.03725129,-0.02149997,-0.015648561,-0.000787721
0.552595443,1,1,1,0.021674469,-0.015791177,0.012140156,0.011707537
1.927053322,1,1,1,0.019694774,-0.030960548,-0.004299276,-0.025640575
1.667912798,1,1,1,-0.022153603,0.006059153,0.026027433,0.008501377
1.941631942,1,1,1,-0.033796734,-0.03895884,0.00295702,-0.003100576
1.72650612,1,1,1,-0.036874042,-0.018161674,0.036036249,-0.008566736
1.83221718,1,1,1,0.012824121,0.026641362,-0.017957702,0.002769478
1.28696362,1,1,1,-0.017532026,0.00214953,0.017840399,-0.005631293
1.197239671,1,1,1,-0.021568311,0.027204318,0.03928802,0.020113803
1.39855938,1,1,1,-0.024462603,0.011140695,0.036281993,0.000962805
0.747147112,1,1,1,0.024302345,0.002236739,0.020182432,0.027486321
0.823418532,1,1,1,0.026370812,-0.018954202,-0.011410671,-0.015872708
1.173582286,1,1,1,0.015254103,-0.003292684,-0.021658829,0.013241207
0.883362239,1,1,1,0.016059888,0.025344693,-0.0084187,-0.033660458
0.507534547,1,1,1,0.005061111,0.024986204,0.007690435,-0.016292115
1.649782531,1,1,1,-0.031857182,-0.029443052,-0.010393148,0.010883014
0.802802163,1,1,1,0.017523682,-0.002445038,-0.000960756,-0.021924942
1.575591037,1,1,1,0.011972335,0.038169398,0.024106694,0.032141623
1.381924695,1,1,1,0.024946171,-0.027964248,0.03636438,0.004744347
1.571385328,1,1,1,0.014303144,0.028681145,0.011273269,0.00413579
1.383972453,1,1,1,0.005463072,-0.025467998,-0.008222522,-0.027195529
1.923556402,1,1,1,0.001821734,0.006100608,-0.034757369,0.037161866
1.363690912,1,1,1,-0.014347407,-0.017523816,0.009828235,0.033651088
1.066753013,1,1,1,-0.039997054,-0.039805855,0.039505492,0.000199851
1.710240686,1,1,1,0.019306029,0.014466426,0.009444163,0.034933404
1.670058118,1,1,1,0.020236857,-0.029778488,-0.018042089,0.035052187
1.734693112,1,1,1,0.03476602,0.00340342,0.018069375,0.021089983
0.819085344,1,1,1,-0.035612122,0.023408274,-0.039836962,0.013726572
1.298204049,1,1,1,-0.034374046,-0.012302072,0.005114434,0.02034151
1.42539548,1,1,1,-0.035533807,-0.03088943,-0.000106139,0.01968684
1.707772967,1,1,1,0.014597408,-0.000319694,-0.005224509,0.005235086
1.246894682,1,1,1,-0.00139106,-0.036852949,-0.016089514,-0.016465375
0.525426855,1,1,1,0.014015557,-0.009107567,0.032709601,0.012897136
0.957212834,1,1,1,-0.026635247,0.020000779,-0.036150188,0.021139665
1.191060078,1,1,1,-0.029536544,0.018484779,0.005592272,-0.038744183
1.078675557,1,1,1,0.039983952,-0.027657303,0.016012162,0.036647698
1.136271577,1,1,1,-0.012394987,-0.009314237,0.034591743,0.030303886
0.943134597,1,1,1,0.004646999,-0.012480544,-0.037171514,-0.03773297
0.777881977,1,1,1,0.003380994,0.025684386,0.017336866,0.039973527
1.658124061,1,1,1,0.006245505,-0.002701998,-0.014202968,-0.014527105
0.968286762,1,1,1,-0.002377654,-0.004005495,-0.023209829,-0.023026852
1.640354566,1,1,1,-0.03006487,-0.013627716,0.017470812,-0.00530724
0.932192802,1,1,1,-0.024170075,0.035648442,0.003122036,0.022765917
1.098209126,1,1,1,0.010793535,0.015437168,-0.014438467,0.01213852
1.324707661,1,1,1,0.020329526,0.031156345,-0.037494282,0.031800298
1.350130903,1,1,1,-0.008030256,-0.001052341,-0.027337231,-0.019373131
0.971425829,1,1,1,-0.030892948,0.015131912,0.027883632,-0.018135235
1.445561258,1,1,1,0.015943316,0.032758491,-0.035568407,-0.028875036
1.443236601,1,1,1,0.036573752,0.007898883,-0.03871985,0.016541037
1.62537511,1,1,1,-0.007853617,-0.023422039,-0.024486451,0.025282518
0.852575108,1,1,1,0.033181061,-0.00566248,0.00858067,-0.02941038
1.815027647,1,1,1,0.01987621,-0.037562424,-0.026620584,-0.034630486
1.125809919,1,1,1,-0.008831223,-0.003628811,-0.002220625,-0.00253436
0.666905508,1,1,1,0.015393033,-0.023614058,0.032219915,0.032910991
1.512989862,1,1,1,0.012498338,0.034512875,-0.005367205,0.026424981
1.509832845,1,1,1,-0.010415541,0.011103633,0.007804982,-0.019792667
1.501136676,1,1,1,-0.013381758,0.029322666,-0.013655168,0.027137389
0.648327966,1,1,1,-0.038902374,-0.033224186,0.001674733,0.014027567
1.158497981,1,1,1,0.010970555,-0.030007281,-0.029354964,0.00185982
1.985596046,1,1,1,0.03876688,0.011685257,-0.020775305,-0.035414768
1.553100702,1,1,1,0.02456857,-0.00617906,-0.006272592,-0.002581326
0.585103658,1,1,1,0.013349527,-0.025010277,-0.014025661,-0.023644138
1.568591969,1,1,1,-0.004459099,0.018772486,-0.019462562,0.003045484
1.882711958,1,1,1,0.027922227,0.020467136,-0.029385085,0.01307725
0.679091604,1,1,1,0.035093365,-0.028753636,-0.00559245,-0.033266928
0.901442192,1,1,1,0.002096141,0.028636816,-0.003881081,-0.034269584
1.701128904,1,1,1,-0.017831591,0.03341208,0.021702226,0.028641229
1.440584059,1,1,1,0.025107894,-2.99E-05,0.033914296,0.010547207
1.794339047,1,1,1,0.039369082,-0.037407604,0.029883903,-0.016220619
1.465807844,1,1,1,-0.01281639,0.019696818,0.026153528,0.037569018
1.57025666,1,1,1,0.017488665,0.017057231,-0.03458191,-0.023573128
1.175232508,1,1,1,0.036662013,-0.033884794,-0.010864364,0.01560771
1.419741513,1,1,1,-0.036904482,0.039847574,-0.016862274,-0.018070609
0.910293924,1,1,1,-0.029270585,0.006415927,0.003921429,0.003320451
0.94870206,1,1,1,0.022961335,0.035206667,0.036084195,-0.02863413
1.686789751,1,1,1,-0.002102139,0.039542591,-0.006681859,0.021204395
0.787715251,1,1,1,0.033838364,0.037991378,-0.031707062,0.036731077
1.908057418,1,1,1,-0.026722928,-0.013827671,-0.036079482,0.01862591
1.841420052,1,1,1,-0.02500187,-0.015952302,-0.018850352,-0.029196926
0.663861074,1,1,1,0.038324704,0.02765508,0.018257146,0.035197033
0.934579467,1,1,1,-0.014105074,0.038299363,-0.028477758,-0.02416312
1.477255509,1,1,1,-0.039097611,-0.032159191,-0.034830916,-0.032210655
1.847746168,1,1,1,-0.026981538,-0.015053178,-0.008787974,-0.019890756
1.805739279,1,1,1,0.007527215,0.028375626,-0.013252895,0.029219997
0.566075113,1,1,1,0.02238165,0.016200467,0.00501054,0.023631622
1.395914672,1,1,1,-0.020309507,0.01123682,0.025541042,0.004470848
1.35709953,1,1,1,-0.014300972,0.002726974,-0.011611704,-0.022341745
1.834228164,1,1,1,0.001286483,-0.021696974,0.015654644,-0.013440801
1.949111967,1,1,1,0.033681377,-0.006368328,-0.002332802,-0.007649626
0.530802764,1,1,1,0.019530873,0.004211151,0.031669467,0.038831496
0.876191209,1,1,1,0.0147067,0.028748473,0.030370321,0.027581659
1.04157856,1,1,1,0.020733949,0.014178269,-0.022625755,0.001601061
1.150050653,1,1,1,0.010296462,0.029977556,0.013222165,-0.02723448
0.501380075,1,1,1,-0.013465964,-0.019795556,-0.015997158,-0.008184114
1.353836807,1,1,1,-0.007445699,0.023091709,0.024010064,0.005378318
1.765017691,1,1,1,0.012998304,0.030891083,0.019901304,-0.01064922
0.518776031,1,1,1,0.022510988,0.030224588,-0.030954647,-0.030045061
0.653144293,1,1,1,0.031044317,-0.022450833,0.027037785,0.021576238
1.934056757,1,1,1,0.037826151,-0.018081037,0.021381848,-0.037761513
0.978877046,1,1,1,0.007206054,-0.035109789,0.014575524,0.031508016
1.59113883,1,1,1,0.028567022,0.03976236,0.031706146,-0.02085616
1.007602225,1,1,1,0.028158217,0.007236316,0.022880714,0.017463781
1.288461542,1,1,1,-0.025675121,0.003800807,0.039858731,0.022535038
0.645415463,1,1,1,0.039564898,0.039270102,-0.019270145,-0.009197786
1.385615248,1,1,1,-0.014230409,-0.019257659,0.010897249,-0.037947603
0.75434099,1,1,1,0.037596999,0.00540836,-0.00923612,-0.009080857
1.169337471,1,1,1,-0.006280187,0.006289561,-0.009476897,-0.020436659
1.99788525,1,1,1,-0.013648739,-0.011911968,0.022372809,-0.020553895
1.26246077,1,1,1,0.017914713,-0.039430528,-0.031184099,-0.021368134
1.346392169,1,1,1,0.026055928,0.006386942,-0.025799579,0.033904614
1.210636617,1,1,1,0.032695908,-0.038004041,0.008379763,0.026614599
1.43127793,1,1,1,0.012083268,-0.02772006,-0.027989848,0.036344488
1.340437163,1,1,1,-0.037620378,0.007072586,0.037523211,-0.006629714
1.988765435,1,1,1,0.028482331,-0.035248185,-0.020678595,-0.017329781
1.495954123,1,1,1,0.031179836,-0.036326553,-0.008102245,0.037905424
1.665390971,1,1,1,-0.03183878,-0.025707119,-0.008575468,0.031755435
1.844072765,1,1,1,0.00914444,-0.029596155,0.020761366,-0.027021723
1.971085775,1,1,1,-0.018639036,-0.028102264,-0.032012665,-0.03732637
1.093452088,1,1,1,0.0282722,0.02236469,-0.035402279,-0.016818435
1.943412537,1,1,1,-0.002977891,-0.036744291,-0.025469703,-0.036694156
1.351822019,1,1,1,0.039843091,-0.03706896,0.009191376,-0.029547174
1.208910006,1,1,1,-0.015321922,0.017876582,-0.029995522,0.034058287
1.083238819,1,1,1,-0.023249667,-0.014070811,0.032333325,0.030588501
1.758372939,1,1,1,0.032505718,-0.028396726,0.028176341,-0.031812024
1.557521088,1,1,1,-0.010236651,0.021252664,-0.002475022,-0.026820091
1.98173555,1,1,1,0.029410283,0.009242402,0.007058116,0.016432117
1.253805663,1,1,1,0.032809812,0.03780173,0.011094825,-0.035478783
0.868610208,1,1,1,-0.036498107,-0.021230834,-0.027640944,0.020525793
0.671071278,1,1,1,-0.012750926,-0.00729172,0.023385392,-0.037665387
0.576865155,1,1,1,-0.013799838,-0.020149925,-0.036823992,-0.034202757
0.693699119,1,1,1,0.002720646,0.038953291,0.032601533,0.004337316
1.088392481,1,1,1,0.025991687,-0.033440647,0.013504552,-0.011629102
0.611188142,1,1,1,-0.039401793,0.026848713,-0.007986423,-0.034039831
1.214303524,1,1,1,-0.01633942,0.014015144,0.031848995,0.030851904
1.323317058,1,1,1,0.007921129,0.021394262,0.030454702,0.034823596
1.348089335,1,1,1,-0.007936065,-0.007510604,-0.01307093,0.001422804
1.414360062,1,1,1,0.029085536,0.007132938,-0.01147545,0.028922729
1.113945846,1,1,1,0.023904094,0.017546287,0.022725572,0.001809294
0.764361137,1,1,1,0.012443165,-0.004127205,-0.00584743,0.032005183
1.452801043,1,1,1,0.001928319,-0.003846845,-0.010596938,0.017539096
1.402570455,1,1,1,0.02628031,0.021664947,-0.02399042,-0.012832439
1.233634011,1,1,1,-0.018205819,0.003138491,0.025910131,0.028228937
1.894003773,1,1,1,0.030908231,-0.019088299,0.022114093,-0.015515016
0.542992078,1,1,1,-0.014069228,-0.026983535,-0.024313883,-0.030166284
0.812741509,1,1,1,-0.000913488,0.010516336,-0.021429912,-0.008463655
1.947325781,1,1,1,0.002340079,-0.027190286,0.038587635,0.022109637
1.705093227,1,1,1,-0.00835297,0.013386625,-0.004062934,-0.025702029
0.974201583,1,1,1,0.034287366,-0.004209724,0.006717796,-0.039214723
0.62968123,1,1,1,0.003842747,-0.03267943,0.022581219,0.00517705
1.282505891,1,1,1,-0.019162869,0.015086841,0.026545418,0.021502867
1.493592383,1,1,1,-0.014540396,0.036130931,-0.01988359,-0.025002685
1.97602736,1,1,1,-0.022382666,0.019937775,-0.027072131,0.032471374
0.628458782,1,1,1,-0.038563415,0.013353113,0.033259468,0.002694648
0.603954665,1,1,1,-0.001825094,-0.005757053,0.031485842,0.006780806
1.768158675,1,1,1,0.019952957,0.002842398,-0.006419506,0.012778622
1.19185909,1,1,1,0.001108595,0.02674794,-0.015152659,-0.022024353
1.167434844,1,1,1,-0.019956703,-0.019130346,-0.023137318,-0.038896984
1.752000444,1,1,1,0.022887459,0.024507544,-0.024367457,-0.024461133
0.727046873,1,1,1,-0.015194058,0.008158635,-0.02632417,0.031014293
1.593692755,1,1,1,-0.024530534,0.008519603,-0.013966489,-0.011030667
0.642072521,1,1,1,0.033228141,0.010660989,-0.032803768,0.014427203
1.638955056,1,1,1,0.02886694,0.032256963,0.008657917,0.012250266
1.756159471,1,1,1,0.027188648,-0.006419248,0.012695076,0.013670098
1.537762108,1,1,1,0.019164384,0.039970051,-0.003285683,0.028073814
1.303685713,1,1,1,-0.038645738,0.022138034,-0.017116208,0.024978637
1.256564629,1,1,1,-0.03519932,-0.001162188,0.020039506,-0.031451923
1.198179191,1,1,1,0.017370048,0.026569056,0.034107314,0.019557566
1.879069543,1,1,1,0.038085265,-0.007613,-0.018618138,0.000349013
1.919119625,1,1,1,0.039309456,-0.003775514,0.01849731,0.021000235
1.817578802,1,1,1,0.013380593,-0.013435225,0.000701329,0.037287217
0.789723923,1,1,1,0.006189242,-0.017238247,0.005671629,-0.008315657
1.545001033,1,1,1,-0.017423914,0.033680091,0.035480515,0.03973371
1.948514115,1,1,1,-0.039738917,-0.007908061,0.0190346,0.017840749
0.575386315,1,1,1,0.001608667,-0.026755288,-0.018485731,0.014335876
0.977792097,1,1,1,-0.021644637,-0.006006393,-0.029667018,0.001683787
0.693399224,1,1,1,-0.02838227,0.013617961,-0.001199669,-0.014479263
1.435498633,1,1,1,0.035625793,-0.036094113,0.012269825,-0.008133938
0.919262457,1,1,1,0.00270163,0.00371462,0.039609903,0.037720617
1.148918553,1,1,1,-0.032924954,-0.01168563,0.028461219,-0.002022956
1.258488164,1,1,1,-0.000729593,-0.03623805,-0.035719143,0.02582957
0.719741058,1,1,1,0.02266612,-0.022943043,-0.009530709,0.006349651
1.036505219,1,1,1,0.010342406,0.029008962,-0.037790506,-0.002749821
0.742374697,1,1,1,-0.012416732,0.039467266,0.031088141,-0.011732807
1.069731156,1,1,1,0.015724316,0.010617624,0.011464969,-0.036795837
1.218049541,1,1,1,0.00036496,0.016963071,-0.006772322,0.017201366
1.99536051,1,1,1,-0.015509205,0.0087341,0.01568375,0.023021953
1.120685531,1,1,1,-0.029147506,0.016549049,0.037714699,0.029733709
1.223269867,1,1,1,0.004937658,-0.024942018,-0.001863539,0.03398258
1.696496547,1,1,1,-0.01170086,-0.022093004,0.027792129,0.017982613
1.585599314,1,1,1,0.000736089,-0.020959989,0.03277371,0.024532851
0.902060478,1,1,1,-0.004067767,-0.015444765,-0.029734553,0.023288665
0.699920725,1,1,1,-0.034710722,0.018625411,0.037960321,0.011889688
1.369340824,1,1,1,-0.037893534,0.013087421,-0.022399371,0.011621534
0.521278858,1,1,1,-0.035017932,-0.008620112,0.033508904,-0.002407119
1.296927518,1,1,1,-0.033646988,0.003014271,-0.036171418,0.036236635
0.860005042,1,1,1,-0.028597129,-0.021772272,0.004413667,-0.030099017
1.231305971,1,1,1,-0.025546515,0.004284452,0.004742343,0.002934367
1.338257195,1,1,1,-0.011236107,-0.000117156,-0.009166495,-0.001335683
0.838569039,1,1,1,0.02176194,0.007497244,0.028350564,-0.007829834
1.296164707,1,1,1,-0.020845241,0.00182944,-0.012406187,-0.004649033
1.232927263,1,1,1,-0.012026582,-0.039565137,0.025243423,-0.026725634
1.621437782,1,1,1,0.025157825,0.024714884,-0.028637371,0.016005991
1.496853784,1,1,1,0.008654166,-0.012386432,-0.003490792,-0.014660677
1.516910207,1,1,1,0.016572985,-0.005302694,0.003536282,-0.007577573
0.894571416,1,1,1,0.010695242,0.014349511,-0.023544763,0.010751941
1.527982661,1,1,1,-0.028405838,0.026322684,0.011989034,0.037808418
0.523113147,1,1,1,0.00376269,0.01323933,-0.025169261,0.000427017
0.512456745,1,1,1,0.014370887,0.038133114,-0.013765389,0.004565504
0.725661764,1,1,1,-0.030272428,-0.038147587,-0.000213867,0.023484037
1.45766272,1,1,1,0.031703845,0.039301853,0.027220623,0.007388128
1.933504572,1,1,1,0.018236869,-0.038275316,0.024628727,-0.032826381
1.973270121,1,1,1,0.036206677,0.000321063,0.035395649,0.023733313
0.517940111,1,1,1,0.021085476,0.004634773,-0.001476048,0.029923174
1.813445186,1,1,1,-0.019704976,-0.038577074,0.019117215,-0.039977088
0.797599116,1,1,1,0.013274429,-0.012601288,-0.030158173,-0.037490482
1.436251125,1,1,1,-0.036253283,0.016014668,0.013085384,0.015832022
1.597850646,1,1,1,-6.23E-05,-0.038770827,-0.006620667,0.02081687
1.761032356,1,1,1,0.020624582,-0.037693391,-0.034319041,-0.017704226
0.892481422,1,1,1,-0.022560396,-0.01038721,0.024738714,0.017663933
1.892676651,1,1,1,0.018852853,-0.02624223,-0.030058462,-0.003299219
0.762383585,1,1,1,-0.025181931,-0.026827806,0.012866787,-0.027758079
0.54000002,1,1,1,-0.016546564,0.037067198,0.013150017,0.006086486
0.816190705,1,1,1,0.001205474,-0.029017516,0.038320174,-0.039856383
1.128716135,1,1,1,0.017271043,0.031085944,0.004812905,-0.01080513
1.702761359,1,1,1,-0.005989889,0.032648126,0.007128324,-0.014851975
0.925388634,1,1,1,0.027252186,0.022746723,-0.013870902,-0.03523046
1.143824107,1,1,1,-0.010530565,-0.02024145,-0.031666217,-0.015945479
1.610127335,1,1,1,0.027661882,-0.002024109,-0.011306299,0.038211743
1.008804057,1,1,1,0.029898708,-0.032465778,-0.012030416,-0.005213551
0.623471585,1,1,1,0.008163386,0.015776718,0.03733075,0.031530727
1.809245897,1,1,1,-0.016652642,0.0142677,-0.021103201,-0.021038019
0.645999178,1,1,1,0.037397014,-0.006314965,0.003711753,-0.007759964
0.546806686,1,1,1,-0.027346993,0.032329798,-0.031335957,0.026063557
0.537260097,1,1,1,0.006879707,0.037467596,0.013920348,0.030116178
1.960610803,1,1,1,-0.016220624,-0.0243878,0.024841472,-0.021461211
1.867573071,1,1,1,0.037218056,0.033669624,0.039141854,0.036299933
0.602117613,1,1,1,0.002489871,0.007957295,-0.007805731,-0.027567946
1.364536245,1,1,1,0.011549624,-0.021133954,0.016768838,0.011794845
0.906007364,1,1,1,-0.032137545,0.013955105,0.028613732,-0.033951572
1.418378558,1,1,1,0.037514678,0.018678447,-0.030218757,-0.006280277
1.964768695,1,1,1,0.039679092,-0.00043576,-0.02190806,0.011065122
0.994617813,1,1,1,-0.023462315,0.032819837,-0.021450161,-0.020949897
0.987514465,1,1,1,0.004795959,0.035157921,-0.000277947,-0.018597745
0.597302722,1,1,1,-0.01312884,-0.021001349,-0.013126989,0.021992483
1.905333358,1,1,1,0.017151879,-0.029276367,0.038054382,0.020463172
0.805725273,1,1,1,0.004834302,0.011333592,-0.028954905,-0.009910273
1.184953842,1,1,1,-0.007236703,0.026212682,-0.015554343,0.01591389
1.583850446,1,1,1,-0.006879168,-0.009839038,0.002524277,0.028984571
0.820533059,1,1,1,-0.029065203,0.005549359,-0.010216775,0.025734804
0.748243016,1,1,1,-0.023998004,0.014705998,0.016937527,0.027718227
1.58780477,1,1,1,0.032939662,0.023020311,-0.023062126,0.008731634
0.723298967,1,1,1,0.026515708,-0.004312947,-0.035611674,0.039521979
1.940626226,1,1,1,0.013587007,0.001169044,0.023024848,-0.001823181
0.544293594,1,1,1,0.008444953,-0.010052434,0.029152716,-0.025800523
1.251903611,1,1,1,0.035278054,0.034066481,-0.030803822,0.037036242
0.864300642,1,1,1,0.002838024,-0.014410168,-0.015010101,0.018017743
0.954407391,1,1,1,-0.022802266,-0.008214183,0.004890984,0.039198877
1.741529026,1,1,1,-0.005582783,-0.035038214,-0.034083035,0.004490245
1.375403813,1,1,1,0.003524115,-0.027067679,-0.011275604,-0.007323644
1.788039452,1,1,1,-0.003832252,0.001622822,0.011366333,-0.012358718
1.662451862,1,1,1,-0.033063067,0.023356582,-0.026703558,0.011001302
0.942191858,1,1,1,0.028185809,-0.03291676,-0.010733238,0.006936857
1.531213474,1,1,1,0.029216951,0.005489588,-0.021137323,0.002268104
1.906840039,1,1,1,0.008302812,0.032211514,-0.012195652,-0.026365614
1.682162927,1,1,1,-0.037746989,-0.015140546,0.036581647,0.006674932
0.598351889,1,1,1,0.004375621,0.007612795,0.033390804,0.003851138
0.561574343,1,1,1,-0.039618252,0.029587909,-0.022816296,0.029905624
0.950058818,1,1,1,-0.015435114,0.016943473,-0.036449693,-0.027980208
0.961151413,1,1,1,0.012745325,0.017494696,0.025658383,0.009761679
1.156022101,1,1,1,-0.03848797,-0.025206326,0.027369117,-0.003024237
0.966346411,1,1,1,-0.004727961,-0.005067728,0.014906393,0.006542209
1.449660078,1,1,1,0.023164078,-0.033001426,-0.026877187,0.001985706
0.568890508,1,1,1,-0.030706526,-0.032009889,-0.002639908,-0.016636018
1.460066048,1,1,1,0.008792003,0.005630676,0.010992466,-0.006125093
0.989819726,1,1,1,-0.00534965,0.036719975,-0.016255957,-0.022767103
1.738577598,1,1,1,0.007757602,-0.00695698,-0.029160216,-0.038642443
0.613680437,1,1,1,-0.027750561,-0.026098336,-0.03676679,-0.009550638
0.858538328,1,1,1,-0.027171086,-0.026377641,-0.004948333,-0.000356218
0.55135669,1,1,1,-0.0200575,-0.029435769,-0.014567291,-0.023696356
1.121796511,1,1,1,-0.030989717,0.007543122,0.033026226,-0.013214921
1.968254086,1,1,1,-0.003699159,-0.000827564,0.013845978,0.020201998
1.016532898,1,1,1,0.021329493,0.034666586,0.001274864,-0.025588526
1.466141584,1,1,1,-0.022725774,-0.0290794,0.024436645,0.006972202
0.649817905,1,1,1,-0.007076632,-0.010759713,-0.022980988,-0.003194912
1.352140265,1,1,1,0.032268432,0.018872578,-0.018332891,0.032963736
1.990133774,1,1,1,-0.023160461,0.006631465,-0.038564259,0.032729818
1.029593282,1,1,1,-0.027360487,-0.008433726,0.012499109,-0.01848166
1.509026778,1,1,1,-0.006012099,-0.012460397,0.009072534,-0.025443693
1.900936403,1,1,1,0.011700632,0.011377466,0.019931778,0.039427157
1.824284267,1,1,1,0.022143327,-0.037197362,-0.005187236,0.036933464
1.21673408,1,1,1,0.035022242,0.032629959,-0.006393034,-0.029451037
1.831701156,1,1,1,0.003137698,-0.039154656,0.014008864,0.019806782
0.556131706,1,1,1,-0.013944332,-0.018055938,0.016261554,-0.036878367
0.889878657,1,1,1,-0.016152105,-0.022062135,-0.039431995,0.008995194
0.608814539,1,1,1,0.030016871,0.033160506,-0.016601405,0.002576043
0.668274052,1,1,1,-0.019662317,-0.039333769,-0.017743128,-0.009202762
0.824661859,1,1,1,0.014882393,0.038822247,0.035639285,0.02340706
1.87509243,1,1,1,-0.028947704,-0.00514933,-0.002721916,-0.000993803
0.780213836,1,1,1,-0.03505895,-0.016806473,0.001541612,0.004970764
0.831439159,1,1,1,0.002925799,0.030300845,-0.017190599,-0.011808519
1.91779806,1,1,1,-0.018743408,0.001890464,0.018874848,-0.033321616
0.705670667,1,1,1,-0.015887016,0.008425759,-0.008246296,-0.008780009
0.959435676,1,1,1,-0.034457256,-0.02370124,-0.033193037,-0.025325969
1.247538649,1,1,1,-0.021138741,-0.022285091,0.008519293,-0.023183455
